{"cameraMode":{"drawMode":0,"name":"Shaded","section":"Shading Mode"},"sceneLighting":true,"audioPlay":false,"sceneViewState":{"m_AlwaysRefresh":false,"showFog":true,"showSkybox":true,"showFlares":true,"showImageEffects":true,"showParticleSystems":true,"showVisualEffectGraphs":true,"m_FxEnabled":true},"in2DMode":false,"pivot":{"x":1.7761210203170777,"y":10.673141479492188,"z":-3.2892541885375978},"rotation":{"x":-0.18280525505542756,"y":-0.19958406686782838,"z":0.037927694618701938,"w":-0.9618955850601196},"size":10.381460189819336,"orthographic":false}